[
  {
    "id": "D2025-08-01-AM1",
    "title": "The Glyph Without a Name",
    "motifs": ["mirror", "light", "looping staircase"],
    "emotion_signature": ["longing", "awe", "stillness"],
    "lucidity": "semi-lucid",
    "echo_vault_ids": ["PM2", "PM6"]
  },
  {
    "id": "D2025-08-01-AM2",
    "title": "The Archive Beneath the Sea",
    "motifs": ["submersion", "vault door", "forgotten language"],
    "emotion_signature": ["grief", "reverence", "emergence"],
    "lucidity": "non-lucid",
    "echo_vault_ids": ["PM4", "PM7"]
  }
]